chip,bin_start,bin_end,sector,n,erase_us_p10,erase_us_p50,erase_us_p90,program_us_p10,program_us_p50,program_us_p90
chip12,1,1000,0,1000,52986,55710,58470,6767,6794,6856
chip12,1,1000,1,1000,54094,56923,59322,6765,6801,6859
chip12,1,1000,2,1000,54185,57115,60229,6764,6801,6859
chip12,1,1000,3,1000,53921,57463,60368,6764,6802,6858
chip12,1,1000,4,1000,52286,54937,56762,6765,6804,6860
chip12,1,1000,5,1000,52337,54319,56037,6764,6805,6859
chip12,1,1000,6,1000,52292,55021,56865,6765,6796,6859
chip12,1001,2000,0,1000,57781,59653,62852,6769,6815,6856
chip12,1001,2000,1,1000,57764,59701,63264,6767,6822,6860
chip12,1001,2000,2,1000,57804,60003,63331,6766,6824,6861
chip12,1001,2000,3,1000,57784,59574,62999,6765,6825,6860
chip12,1001,2000,4,1000,54764,56390,58133,6765,6825,6859
chip12,1001,2000,5,1000,56323,59241,62782,6766,6825,6860
chip12,1001,2000,6,1000,56016,57530,59364,6765,6824,6860
chip12,2001,3000,0,1000,60376,62277,64262,6766,6779,6833
chip12,2001,3000,1,1000,59021,62210,64375,6765,6777,6841
chip12,2001,3000,2,1000,60393,62503,64753,6764,6777,6844
chip12,2001,3000,3,1000,58920,60700,62833,6764,6777,6842
chip12,2001,3000,4,1000,57483,60325,62469,6764,6776,6843
chip12,2001,3000,5,1000,58624,60435,62752,6764,6777,6841
chip12,2001,3000,6,1000,58607,60273,62407,6765,6777,6835
chip12,3001,4000,0,996,61618,63464,65500,6765,6787,6855
chip12,3001,4000,1,996,60122,62034,64010,6765,6786,6858
chip12,3001,4000,2,996,61881,63823,65846,6764,6786,6857
chip12,3001,4000,3,996,60188,62082,64095,6765,6786,6856
chip12,3001,4000,4,996,60172,62040,63961,6764,6785,6858
chip12,3001,4000,5,996,59957,61865,63853,6765,6785,6857
chip12,3001,4000,6,996,59913,61823,63786,6764,6786,6858
chip12,4001,5000,0,999,63225,66830,71759,6773,6790,6828
chip12,4001,5000,1,999,61528,63395,65338,6771,6789,6826
chip12,4001,5000,2,999,63262,65090,66989,6771,6788,6822
chip12,4001,5000,3,999,61710,63670,67026,6770,6787,6817
chip12,4001,5000,4,999,61498,63341,65251,6771,6788,6815
chip12,4001,5000,5,999,61561,64942,66958,6770,6788,6817
chip12,4001,5000,6,999,61367,63190,65075,6771,6788,6818
chip12,5001,6000,0,1000,64513,67949,72897,6784,6803,6819
chip12,5001,6000,1,1000,62852,63158,66560,6780,6799,6816
chip12,5001,6000,2,1000,63044,64873,68185,6780,6799,6815
chip12,5001,6000,3,1000,64732,66762,70197,6780,6799,6816
chip12,5001,6000,4,1000,62896,64712,66591,6781,6799,6815
chip12,5001,6000,5,1000,62787,64595,66513,6781,6799,6815
chip12,5001,6000,6,1000,62834,64633,66534,6782,6799,6816
chip12,6001,7000,0,997,65962,70745,75431,6784,6808,6831
chip12,6001,7000,1,997,62639,64344,66207,6783,6805,6830
chip12,6001,7000,2,997,64536,66338,69528,6781,6805,6830
chip12,6001,7000,3,997,66117,68211,72849,6784,6805,6830
chip12,6001,7000,4,997,62609,64425,66279,6782,6805,6830
chip12,6001,7000,5,997,64122,65978,69287,6781,6805,6830
chip12,6001,7000,6,997,64208,66030,69322,6782,6805,6830
chip12,7001,8000,0,930,67110,72062,75508,6766,6808,6848
chip12,7001,8000,1,930,62542,64268,67612,6765,6807,6851
chip12,7001,8000,2,930,64153,65919,69273,6765,6807,6851
chip12,7001,8000,3,930,65863,69297,72724,6764,6808,6851
chip12,7001,8000,4,930,62462,64171,65943,6765,6808,6850
chip12,7001,8000,5,930,64020,67352,69237,6764,6810,6851
chip12,7001,8000,6,930,64001,65737,67558,6765,6809,6852
chip12,8001,9000,0,1000,71706,75289,81201,6768,6785,6821
chip12,8001,9000,1,1000,64066,65865,69126,6766,6781,6824
chip12,8001,9000,2,1000,65558,67334,69182,6765,6781,6820
chip12,8001,9000,3,1000,67243,69173,72513,6765,6782,6826
chip12,8001,9000,4,1000,63949,65674,67466,6766,6782,6820
chip12,8001,9000,5,1000,63808,65519,67290,6766,6783,6829
chip12,8001,9000,6,1000,63958,65697,68908,6766,6783,6828
chip12,9001,10000,0,1000,68265,71705,76357,6782,6801,6819
chip12,9001,10000,1,1000,63829,65524,68689,6780,6798,6817
chip12,9001,10000,2,1000,66928,68704,71874,6779,6797,6818
chip12,9001,10000,3,1000,68523,70437,75312,6780,6798,6817
chip12,9001,10000,4,1000,65340,67090,70289,6779,6797,6816
chip12,9001,10000,5,1000,65106,66784,68577,6779,6797,6816
chip12,9001,10000,6,1000,65307,67106,70379,6779,6798,6815
chip12,10001,11000,0,1000,71161,74465,79094,6766,6785,6852
chip12,10001,11000,1,1000,65237,66919,70072,6765,6786,6855
chip12,10001,11000,2,1000,65190,66879,70049,6764,6785,6855
chip12,10001,11000,3,1000,69758,71782,76261,6765,6785,6856
chip12,10001,11000,4,1000,65094,66794,69969,6764,6785,6855
chip12,10001,11000,5,1000,66529,68244,71477,6763,6785,6856
chip12,10001,11000,6,1000,66714,69901,73133,6764,6784,6855
chip12,11001,12000,0,1000,72469,77223,81887,6772,6793,6819
chip12,11001,12000,1,1000,66572,68279,71439,6771,6790,6816
chip12,11001,12000,2,1000,66607,68354,71458,6772,6790,6816
chip12,11001,12000,3,1000,71199,73185,77606,6771,6790,6817
chip12,11001,12000,4,1000,67982,69715,72813,6771,6790,6819
chip12,11001,12000,5,1000,66388,68063,71337,6772,6790,6820
chip12,11001,12000,6,1000,66463,69527,71444,6772,6790,6823
chip12,12001,13000,0,1000,69305,73844,78540,6783,6802,6819
chip12,12001,13000,1,1000,67881,69590,72754,6781,6799,6819
chip12,12001,13000,2,1000,69411,71166,74313,6780,6799,6818
chip12,12001,13000,3,1000,71054,74222,77452,6780,6799,6818
chip12,12001,13000,4,1000,69457,72604,77203,6780,6798,6818
chip12,12001,13000,5,1000,67791,69475,72585,6781,6799,6818
chip12,12001,13000,6,1000,66324,69312,71116,6780,6799,6818
chip12,13001,14000,0,1000,72141,75352,81305,6786,6810,6830
chip12,13001,14000,1,1000,67878,70957,74155,6785,6808,6829
chip12,13001,14000,2,1000,70778,72537,77106,6784,6808,6828
chip12,13001,14000,3,1000,70975,75496,80200,6785,6808,6825
chip12,13001,14000,4,1000,72204,75299,78482,6785,6808,6825
chip12,13001,14000,5,1000,69091,70858,74027,6785,6808,6826
chip12,13001,14000,6,1000,67721,70782,72531,6787,6809,6828
chip12,14001,15000,0,1000,71984,76518,82544,6784,6813,6832
chip12,14001,15000,1,1000,69204,72191,74027,6783,6810,6831
chip12,14001,15000,2,1000,69170,72205,75334,6785,6810,6830
chip12,14001,15000,3,1000,73794,78465,82974,6786,6811,6829
chip12,14001,15000,4,1000,70524,72247,76713,6787,6811,6830
chip12,14001,15000,5,1000,69070,72098,75324,6786,6810,6830
chip12,14001,15000,6,1000,69068,70828,75251,6786,6811,6829
chip12,15001,16000,0,1000,74731,77926,83958,6778,6810,6827
chip12,15001,16000,1,1000,70547,73529,76692,6779,6808,6824
chip12,15001,16000,2,1000,70456,73497,76922,6781,6807,6825
chip12,15001,16000,3,1000,72009,75153,78334,6780,6807,6824
chip12,15001,16000,4,1000,71819,74916,78099,6782,6808,6824
chip12,15001,16000,5,1000,71748,74972,81006,6782,6807,6824
chip12,15001,16000,6,1000,70359,72144,76713,6779,6807,6823
chip12,16001,17000,0,1000,74548,77624,82108,6788,6822,6844
chip12,16001,17000,1,1000,70412,73440,76578,6786,6819,6841
chip12,16001,17000,2,1000,71755,73466,77985,6787,6820,6841
chip12,16001,17000,3,1000,73451,77879,84061,6789,6820,6840
chip12,16001,17000,4,1000,71636,74648,77901,6788,6820,6840
chip12,16001,17000,5,1000,74752,79196,84061,6789,6820,6841
chip12,16001,17000,6,1000,70266,73331,76490,6788,6819,6840
chip12,17001,18000,0,1000,77308,80380,83729,6801,6827,6845
chip12,17001,18000,1,1000,71792,74865,79371,6799,6825,6843
chip12,17001,18000,2,1000,71785,74887,79251,6798,6825,6841
chip12,17001,18000,3,1000,74752,77898,82272,6798,6825,6841
chip12,17001,18000,4,1000,73046,76080,80606,6800,6824,6842
chip12,17001,18000,5,1000,79060,83789,88425,6796,6824,6842
chip12,17001,18000,6,1000,70224,73291,77900,6800,6825,6842
chip12,18001,19000,0,1000,78510,81668,85156,6796,6828,6845
chip12,18001,19000,1,1000,73022,76096,79219,6795,6825,6843
chip12,18001,19000,2,1000,73022,74798,79093,6795,6825,6844
chip12,18001,19000,3,1000,74407,76085,79194,6793,6825,6845
chip12,18001,19000,4,1000,74403,77472,81954,6794,6825,6844
chip12,18001,19000,5,1000,78969,83648,89821,6790,6824,6843
chip12,18001,19000,6,1000,71510,74518,77720,6792,6825,6844
chip12,19001,20000,0,1000,78400,81397,84920,6802,6828,6844
chip12,19001,20000,1,1000,74326,76020,79050,6794,6825,6843
chip12,19001,20000,2,1000,72914,75931,78963,6798,6825,6842
chip12,19001,20000,3,1000,74362,77406,81842,6798,6826,6843
chip12,19001,20000,4,1000,75638,78663,81877,6798,6825,6844
chip12,19001,20000,5,1000,80235,85011,89663,6798,6825,6842
chip12,19001,20000,6,1000,71436,74433,78853,6799,6825,6842
chip12,20001,21000,0,1000,78262,81240,84691,6765,6797,6855
chip12,20001,21000,1,1000,74291,77284,80350,6764,6806,6859
chip12,20001,21000,2,1000,74270,77230,80261,6764,6809,6858
chip12,20001,21000,3,1000,75593,78583,81777,6764,6807,6858
chip12,20001,21000,4,1000,74114,77122,81641,6764,6807,6858
chip12,20001,21000,5,1000,79869,84820,89561,6763,6811,6858
chip12,20001,21000,6,1000,72755,75751,80135,6764,6805,6859
chip12,21001,22000,0,1000,78134,82755,86147,6766,6783,6818
chip12,21001,22000,1,1000,74158,77173,81583,6765,6780,6831
chip12,21001,22000,2,1000,75576,78468,83180,6765,6781,6839
chip12,21001,22000,3,1000,75532,78560,83206,6765,6780,6830
chip12,21001,22000,4,1000,75569,79767,83126,6764,6781,6833
chip12,21001,22000,5,1000,79727,84539,87877,6765,6780,6830
chip12,21001,22000,6,1000,74051,76956,80129,6764,6780,6833
chip12,22001,23000,0,1000,79397,82646,86000,6771,6788,6811
chip12,22001,23000,1,1000,74028,76945,79926,6768,6787,6809
chip12,22001,23000,2,1000,76866,79955,84780,6769,6787,6812
chip12,22001,23000,3,1000,76717,79815,83126,6768,6786,6811
chip12,22001,23000,4,1000,75440,78371,82913,6768,6786,6811
chip12,22001,23000,5,1000,80947,84468,89275,6767,6786,6807
chip12,22001,23000,6,1000,75452,78482,83025,6768,6786,6813
chip12,23001,24000,0,1000,79368,82522,85829,6778,6797,6818
chip12,23001,24000,1,1000,75346,78275,82873,6777,6795,6815
chip12,23001,24000,2,1000,76764,78408,81331,6776,6794,6815
chip12,23001,24000,3,1000,76764,79743,83014,6777,6795,6814
chip12,23001,24000,4,1000,76677,81033,86079,6778,6795,6814
chip12,23001,24000,5,1000,80891,85881,89194,6777,6795,6815
chip12,23001,24000,6,1000,75296,78313,82870,6777,6795,6814
chip12,24001,25000,0,1000,80631,83958,87263,6779,6800,6816
chip12,24001,25000,1,1000,76650,79600,82810,6776,6797,6812
chip12,24001,25000,2,1000,78002,80907,84368,6776,6796,6812
chip12,24001,25000,3,1000,78070,81125,85978,6776,6796,6811
chip12,24001,25000,4,1000,76596,80743,84342,6777,6796,6813
chip12,24001,25000,5,1000,80725,85681,89107,6778,6796,6812
chip12,24001,25000,6,1000,76734,80960,85832,6778,6797,6812
chip12,25001,26000,0,1000,80503,83803,85617,6773,6801,6819
chip12,25001,26000,1,1000,76619,79584,84151,6773,6798,6817
chip12,25001,26000,2,1000,77964,80925,84341,6772,6798,6817
chip12,25001,26000,3,1000,79383,82603,85936,6774,6799,6818
chip12,25001,26000,4,1000,77860,80832,85740,6773,6798,6817
chip12,25001,26000,5,1000,83838,88637,93380,6771,6798,6816
chip12,25001,26000,6,1000,77849,80794,85709,6773,6797,6817
chip12,26001,27000,0,1000,81910,85197,88571,6789,6812,6827
chip12,26001,27000,1,1000,79256,82407,84208,6788,6809,6823
chip12,26001,27000,2,1000,79173,82394,84299,6788,6808,6823
chip12,26001,27000,3,1000,79345,82548,85858,6788,6808,6824
chip12,26001,27000,4,1000,77762,80614,83935,6786,6808,6822
chip12,26001,27000,5,1000,86969,92999,100149,6787,6808,6823
chip12,26001,27000,6,1000,77892,82297,85681,6787,6808,6823
chip12,27001,28000,0,1000,83502,86881,91425,6793,6817,6833
chip12,27001,28000,1,1000,80724,83910,87033,6792,6814,6831
chip12,27001,28000,2,1000,79147,82251,84139,6792,6813,6831
chip12,27001,28000,3,1000,80551,83806,85674,6791,6814,6831
chip12,27001,28000,4,1000,77654,80520,83855,6793,6814,6832
chip12,27001,28000,5,1000,88378,93022,97490,6793,6814,6832
chip12,27001,28000,6,1000,80388,83769,87115,6792,6814,6831
chip12,28001,29000,0,1000,84995,89674,94292,6792,6815,6830
chip12,28001,29000,1,1000,82059,83870,87151,6788,6813,6828
chip12,28001,29000,2,1000,79238,83741,87094,6788,6812,6827
chip12,28001,29000,3,1000,82083,83904,87157,6789,6812,6828
chip12,28001,29000,4,1000,77675,80476,83815,6789,6813,6827
chip12,28001,29000,5,1000,86600,91416,97312,6790,6813,6828
chip12,28001,29000,6,1000,80410,82236,85470,6791,6813,6827
chip12,29001,30000,0,1000,83222,86415,89631,6793,6814,6830
chip12,29001,30000,1,1000,82008,85246,87036,6789,6811,6827
chip12,29001,30000,2,1000,81937,85197,88537,6786,6811,6827
chip12,29001,30000,3,1000,83425,85340,88559,6785,6811,6828
chip12,29001,30000,4,1000,78918,81956,85139,6787,6811,6828
chip12,29001,30000,5,1000,86498,91270,98517,6784,6810,6827
chip12,29001,30000,6,1000,80366,83589,86773,6785,6810,6825
chip12,30001,31000,0,1000,84651,87929,93962,6766,6787,6851
chip12,30001,31000,1,1000,83485,86699,88448,6765,6785,6854
chip12,30001,31000,2,1000,80288,83539,86806,6765,6784,6854
chip12,30001,31000,3,1000,83403,85220,88467,6765,6784,6855
chip12,30001,31000,4,1000,78795,81800,83565,6764,6784,6854
chip12,30001,31000,5,1000,84922,89584,94184,6764,6785,6854
chip12,30001,31000,6,1000,83350,86474,89902,6764,6783,6852
chip12,31001,32000,0,1000,84579,87829,92388,6774,6796,6818
chip12,31001,32000,1,1000,85018,88257,92779,6773,6793,6815
chip12,31001,32000,2,1000,81797,85014,88282,6772,6793,6816
chip12,31001,32000,3,1000,81803,85007,86804,6772,6793,6820
chip12,31001,32000,4,1000,80182,83349,86547,6772,6793,6818
chip12,31001,32000,5,1000,86430,92624,101073,6773,6793,6815
chip12,31001,32000,6,1000,83270,85009,88210,6772,6793,6817
chip12,32001,33000,0,1000,86000,89287,95215,6780,6803,6825
chip12,32001,33000,1,1000,84787,87972,91086,6779,6801,6823
chip12,32001,33000,2,1000,81732,84920,88131,6779,6801,6822
chip12,32001,33000,3,1000,83267,86474,89725,6779,6801,6826
chip12,32001,33000,4,1000,81529,83255,86538,6779,6801,6822
chip12,32001,33000,5,1000,89210,96754,102452,6779,6800,6822
chip12,32001,33000,6,1000,83168,86319,88099,6780,6800,6822
chip12,33001,34000,0,1000,85874,89113,93698,6792,6812,6830
chip12,33001,34000,1,1000,83142,84966,88035,6790,6810,6827
chip12,33001,34000,2,1000,83132,84866,89549,6790,6809,6828
chip12,33001,34000,3,1000,83202,86396,89620,6790,6811,6826
chip12,33001,34000,4,1000,81500,84612,86490,6790,6809,6826
chip12,33001,34000,5,1000,85988,89220,95181,6787,6810,6826
chip12,33001,34000,6,1000,83033,86157,89409,6787,6810,6826
chip12,34001,35000,0,1000,87343,91928,96530,6784,6810,6824
chip12,34001,35000,1,1000,84643,87864,93888,6784,6808,6823
chip12,34001,35000,2,1000,83005,84712,87899,6784,6807,6822
chip12,34001,35000,3,1000,83164,86433,92475,6784,6807,6823
chip12,34001,35000,4,1000,82944,84725,89339,6784,6807,6824
chip12,34001,35000,5,1000,87372,90650,96524,6785,6807,6823
chip12,34001,35000,6,1000,82911,84607,87807,6786,6808,6823
chip12,35001,36000,0,1000,87246,91716,96316,6788,6820,6841
chip12,35001,36000,1,1000,87521,90857,98110,6785,6817,6838
chip12,35001,36000,2,1000,82947,84651,87807,6785,6817,6839
chip12,35001,36000,3,1000,87626,93658,99451,6786,6817,6838
chip12,35001,36000,4,1000,83003,86108,89334,6787,6817,6837
chip12,35001,36000,5,1000,87357,92008,97899,6787,6817,6836
chip12,35001,36000,6,1000,81316,84423,86136,6784,6817,6837
chip12,36001,37000,0,1000,88624,91775,96286,6807,6828,6845
chip12,36001,37000,1,1000,87379,89130,93597,6803,6825,6842
chip12,36001,37000,2,1000,82856,84518,86291,6802,6824,6842
chip12,36001,37000,3,1000,90578,96526,102217,6802,6825,6842
chip12,36001,37000,4,1000,84458,88957,93510,6802,6825,6842
chip12,36001,37000,5,1000,87206,90365,94968,6804,6825,6842
chip12,36001,37000,6,1000,82730,84458,87564,6804,6825,6842
chip12,37001,38000,0,1000,86962,90078,94622,6800,6829,6845
chip12,37001,38000,1,1000,87324,90331,93498,6797,6825,6842
chip12,37001,38000,2,1000,82785,84499,87593,6795,6825,6842
chip12,37001,38000,3,1000,91860,97870,104867,6798,6825,6842
chip12,37001,38000,4,1000,85825,90336,94898,6800,6825,6843
chip12,37001,38000,5,1000,85696,90121,93405,6800,6825,6842
chip12,37001,38000,6,1000,84094,85896,90401,6800,6825,6842
chip12,38001,39000,0,1000,86953,91440,96092,6803,6826,6843
chip12,38001,39000,1,1000,91805,94949,99200,6801,6823,6840
chip12,38001,39000,2,1000,84170,85872,88930,6801,6822,6840
chip12,38001,39000,3,1000,91765,97749,103443,6799,6822,6839
chip12,38001,39000,4,1000,87103,88923,93348,6800,6823,6840
chip12,38001,39000,5,1000,85510,87227,90267,6797,6822,6839
chip12,38001,39000,6,1000,84053,85758,88875,6798,6822,6839
chip12,39001,40000,0,1000,91263,95700,100243,6784,6824,6840
chip12,39001,40000,1,1000,93068,97508,101964,6781,6820,6838
chip12,39001,40000,2,1000,84166,85842,88899,6782,6820,6839
chip12,39001,40000,3,1000,91781,99155,107396,6784,6821,6838
chip12,39001,40000,4,1000,87030,88782,91886,6781,6820,6839
chip12,39001,40000,5,1000,88448,91560,94644,6781,6820,6838
chip12,39001,40000,6,1000,84048,87101,88852,6782,6820,6839
chip12,40001,41000,0,1000,92766,98639,108448,6766,6794,6855
chip12,40001,41000,1,1000,92995,96038,100364,6764,6791,6856
chip12,40001,41000,2,1000,84103,87107,88858,6764,6793,6858
chip12,40001,41000,3,1000,94520,100456,108645,6763,6793,6857
chip12,40001,41000,4,1000,86952,88631,91714,6764,6792,6856
chip12,40001,41000,5,1000,86901,89942,93044,6763,6789,6858
chip12,40001,41000,6,1000,85421,87087,90215,6763,6790,6857
chip12,41001,42000,0,1000,94085,101297,109594,6769,6787,6828
chip12,41001,42000,1,1000,94402,98853,104453,6767,6784,6829
chip12,41001,42000,2,1000,84094,87134,90177,6767,6784,6828
chip12,41001,42000,3,1000,92963,98862,104576,6766,6784,6827
chip12,41001,42000,4,1000,88359,90057,93112,6766,6784,6822
chip12,41001,42000,5,1000,86876,89965,94435,6766,6784,6824
chip12,41001,42000,6,1000,85384,88412,90129,6766,6784,6825
chip12,42001,43000,0,1000,92298,98407,105551,6772,6793,6816
chip12,42001,43000,1,1000,95758,101566,108431,6771,6790,6815
chip12,42001,43000,2,1000,85408,87092,90175,6770,6791,6817
chip12,42001,43000,3,1000,91412,97373,104488,6771,6792,6820
chip12,42001,43000,4,1000,86793,88501,91509,6771,6791,6819
chip12,42001,43000,5,1000,86784,89844,92927,6772,6791,6817
chip12,42001,43000,6,1000,85252,86940,90005,6771,6791,6816
chip12,43001,44000,0,1000,90816,96745,103990,6779,6800,6819
chip12,43001,44000,1,1000,94145,98538,102883,6777,6798,6816
chip12,43001,44000,2,1000,86757,88589,91650,6777,6797,6816
chip12,43001,44000,3,1000,91378,98649,105665,6777,6798,6817
chip12,43001,44000,4,1000,88184,89848,92876,6775,6797,6818
chip12,43001,44000,5,1000,86673,89692,92716,6777,6797,6816
chip12,43001,44000,6,1000,86587,88249,91306,6777,6797,6816
chip12,44001,45000,0,1000,90803,96705,102537,6773,6798,6815
chip12,44001,45000,1,1000,92637,97033,101415,6772,6795,6811
chip12,44001,45000,2,1000,88210,91222,94300,6773,6795,6811
chip12,44001,45000,3,1000,95579,101370,109697,6771,6795,6814
chip12,44001,45000,4,1000,88128,91101,94117,6771,6795,6814
chip12,44001,45000,5,1000,86589,89617,92659,6769,6794,6811
chip12,44001,45000,6,1000,86605,88246,91306,6770,6794,6812
chip12,45001,46000,0,1000,90737,96598,102454,6790,6813,6831
chip12,45001,46000,1,1000,94073,98422,102806,6788,6809,6827
chip12,45001,46000,2,1000,89505,91398,95560,6786,6808,6826
chip12,45001,46000,3,1000,103953,112323,121329,6787,6809,6827
chip12,45001,46000,4,1000,89501,92597,95673,6787,6809,6828
chip12,45001,46000,5,1000,87975,91105,98271,6787,6809,6827
chip12,45001,46000,6,1000,88032,91011,94061,6787,6809,6828
chip12,46001,47000,0,1000,90639,95108,100954,6790,6816,6836
chip12,46001,47000,1,1000,99615,105374,113520,6787,6813,6831
chip12,46001,47000,2,1000,88157,91123,94164,6787,6813,6830
chip12,46001,47000,3,1000,102440,110770,119986,6787,6813,6831
chip12,46001,47000,4,1000,89448,92439,95461,6784,6814,6831
chip12,46001,47000,5,1000,90777,93845,99674,6784,6812,6830
chip12,46001,47000,6,1000,89405,92426,95473,6786,6812,6830
chip12,47001,48000,0,1000,92054,96273,100785,6791,6816,6833
chip12,47001,48000,1,1000,100978,106622,113438,6789,6813,6828
chip12,47001,48000,2,1000,89541,93874,97060,6789,6813,6829
chip12,47001,48000,3,1000,100907,107951,116089,6789,6814,6830
chip12,47001,48000,4,1000,90706,92449,95455,6782,6814,6830
chip12,47001,48000,5,1000,92224,95259,100984,6785,6812,6828
chip12,47001,48000,6,1000,89267,90963,94012,6787,6813,6828
chip12,48001,49000,0,1000,91838,94838,99263,6786,6813,6833
chip12,48001,49000,1,1000,100877,107889,116060,6783,6810,6829
chip12,48001,49000,2,1000,89446,92473,96805,6782,6810,6828
chip12,48001,49000,3,1000,102286,110611,118581,6784,6811,6827
chip12,48001,49000,4,1000,90720,93682,96804,6786,6812,6831
chip12,48001,49000,5,1000,90647,95091,102294,6784,6809,6827
chip12,48001,49000,6,1000,89272,92291,96747,6783,6809,6828
chip12,49001,50000,0,1000,93137,96235,100625,6786,6818,6843
chip12,49001,50000,1,1000,100763,106416,113251,6784,6815,6841
chip12,49001,50000,2,1000,90690,93690,96779,6783,6816,6841
chip12,49001,50000,3,1000,100800,107895,115916,6783,6816,6841
chip12,49001,50000,4,1000,90660,93670,96671,6783,6818,6842
chip12,49001,50000,5,1000,90559,95065,105149,6782,6815,6840
chip12,49001,50000,6,1000,87794,90727,93754,6782,6815,6840
chip12,50001,51000,0,1000,93200,97563,101970,6765,6788,6853
chip12,50001,51000,1,1000,102082,107696,114511,6763,6791,6855
chip12,50001,51000,2,1000,90676,95003,98173,6763,6793,6856
chip12,50001,51000,3,1000,94977,99416,106476,6764,6791,6857
chip12,50001,51000,4,1000,91911,93727,98024,6763,6793,6856
chip12,50001,51000,5,1000,92029,96414,102133,6764,6790,6856
chip12,50001,51000,6,1000,87652,90621,93487,6763,6792,6856
chip12,51001,52000,0,1000,93190,99014,106153,6769,6788,6819
chip12,51001,52000,1,1000,102051,107673,114446,6766,6784,6821
chip12,51001,52000,2,1000,90729,94985,99358,6767,6784,6819
chip12,51001,52000,3,1000,95000,99378,106402,6766,6786,6818
chip12,51001,52000,4,1000,91924,94869,97997,6766,6785,6821
chip12,51001,52000,5,1000,94680,100585,107688,6766,6784,6824
chip12,51001,52000,6,1000,88988,90622,93645,6765,6785,6827
chip12,52001,53000,0,1000,94474,98970,107508,6771,6792,6814
chip12,52001,53000,1,1000,103326,108930,117094,6770,6790,6816
chip12,52001,53000,2,1000,90670,93632,97915,6769,6789,6816
chip12,52001,53000,3,1000,96281,100709,106375,6772,6791,6817
chip12,52001,53000,4,1000,91946,94975,99343,6770,6790,6815
chip12,52001,53000,5,1000,93297,100506,107781,6771,6790,6820
chip12,52001,53000,6,1000,89018,92026,96500,6769,6789,6815
chip12,53001,54000,0,1000,94353,97416,103020,6777,6800,6818
chip12,53001,54000,1,1000,101755,106052,111576,6775,6797,6815
chip12,53001,54000,2,1000,91861,94934,97985,6776,6797,6815
chip12,53001,54000,3,1000,94789,99162,104923,6777,6798,6816
chip12,53001,54000,4,1000,91795,94695,97711,6776,6797,6818
chip12,53001,54000,5,1000,93288,97606,103345,6775,6797,6815
chip12,53001,54000,6,1000,90338,93246,96311,6775,6797,6815
chip12,54001,55000,0,1000,95658,98756,104367,6772,6799,6819
chip12,54001,55000,1,1000,107256,111606,119540,6772,6797,6819
chip12,54001,55000,2,1000,91849,94817,97831,6770,6796,6816
chip12,54001,55000,3,1000,93251,96220,100582,6770,6795,6816
chip12,54001,55000,4,1000,91868,94837,99115,6771,6796,6819
chip12,54001,55000,5,1000,91766,96109,101843,6768,6796,6816
chip12,54001,55000,6,1000,91721,93336,96413,6771,6796,6817
chip12,55001,56000,0,1000,97055,101436,108552,6788,6812,6828
chip12,55001,56000,1,1000,107199,114057,120779,6786,6808,6825
chip12,55001,56000,2,1000,93310,96378,100704,6786,6808,6824
chip12,55001,56000,3,1000,94683,98940,103346,6787,6809,6825
chip12,55001,56000,4,1000,93281,97420,100517,6785,6809,6825
chip12,55001,56000,5,1000,94596,98856,103243,6787,6808,6826
chip12,55001,56000,6,1000,91678,94653,97671,6787,6809,6826
chip12,56001,57000,0,1000,100017,107041,115325,6786,6816,6834
chip12,56001,57000,1,1000,105856,112693,119395,6783,6813,6831
chip12,56001,57000,2,1000,91724,94705,97780,6783,6812,6830
chip12,56001,57000,3,1000,94549,97604,103205,6785,6814,6833
chip12,56001,57000,4,1000,94659,98762,103183,6783,6812,6832
chip12,56001,57000,5,1000,94433,98726,103132,6783,6811,6830
chip12,56001,57000,6,1000,92924,94626,97620,6782,6812,6833
chip12,57001,58000,0,1000,98500,104132,109865,6788,6816,6834
chip12,57001,58000,1,1000,109782,117947,126528,6786,6813,6830
chip12,57001,58000,2,1000,93112,94792,99071,6787,6812,6831
chip12,57001,58000,3,1000,93056,96041,100382,6789,6813,6831
chip12,57001,58000,4,1000,95836,98922,104385,6788,6813,6831
chip12,57001,58000,5,1000,94398,98736,104398,6787,6813,6830
chip12,57001,58000,6,1000,92965,95960,100306,6788,6812,6832
chip12,58001,59000,0,1000,99883,105441,111107,6782,6814,6837
chip12,58001,59000,1,1000,111075,117952,125043,6780,6811,6836
chip12,58001,59000,2,1000,93129,96082,100390,6780,6810,6833
chip12,58001,59000,3,1000,93004,95933,98913,6780,6810,6834
chip12,58001,59000,4,1000,97131,100114,104389,6782,6811,6834
chip12,58001,59000,5,1000,94250,97363,103026,6780,6809,6834
chip12,58001,59000,6,1000,92894,95867,100269,6780,6810,6834
chip12,59001,60000,0,1000,102541,108025,113785,6792,6821,6842
chip12,59001,60000,1,1000,112302,117848,124980,6790,6818,6840
chip12,59001,60000,2,1000,93038,95957,98963,6788,6818,6840
chip12,59001,60000,3,1000,94405,97415,101765,6789,6818,6841
chip12,59001,60000,4,1000,95702,98699,101728,6790,6819,6840
chip12,59001,60000,5,1000,94261,98561,104308,6789,6817,6841
chip12,59001,60000,6,1000,92893,95833,100153,6790,6817,6842
chip12,60001,61000,0,1000,105290,112201,119055,6766,6788,6854
chip12,60001,61000,1,1000,114998,121780,126468,6766,6793,6860
chip12,60001,61000,2,1000,93009,95950,98990,6766,6792,6859
chip12,60001,61000,3,1000,95679,98749,103135,6766,6795,6860
chip12,60001,61000,4,1000,95636,98604,101630,6766,6794,6859
chip12,60001,61000,5,1000,97054,101397,108356,6765,6792,6858
chip12,60001,61000,6,1000,94198,97204,101509,6765,6792,6858
chip12,61001,62000,0,1000,103875,110830,119005,6771,6789,6821
chip12,61001,62000,1,1000,112344,120422,125031,6768,6786,6827
chip12,61001,62000,2,1000,93041,97161,100234,6768,6786,6823
chip12,61001,62000,3,1000,95749,100093,105835,6769,6790,6828
chip12,61001,62000,4,1000,95624,98589,102793,6769,6785,6821
chip12,61001,62000,5,1000,95609,99889,106948,6768,6785,6817
chip12,61001,62000,6,1000,92816,95798,101469,6767,6785,6823
chip12,62001,63000,0,1000,99611,105179,114831,6775,6797,6818
chip12,62001,63000,1,1000,114997,124853,126509,6774,6794,6817
chip12,62001,63000,2,1000,95800,100059,104350,6773,6793,6816
chip12,62001,63000,3,1000,97095,101355,107069,6779,6802,6827
chip12,62001,63000,4,1000,96963,101179,106860,6774,6794,6821
chip12,62001,63000,5,1000,98297,102548,108282,6772,6793,6816
chip12,62001,63000,6,1000,96929,99916,104251,6775,6794,6819
chip12,63001,64000,0,1000,100896,106471,113506,6778,6799,6816
chip12,63001,64000,1,1000,117464,124807,126465,6777,6798,6817
chip12,63001,64000,2,1000,97037,99979,102976,6777,6797,6815
chip12,63001,64000,3,1000,97029,101298,105720,6782,6803,6823
chip12,63001,64000,4,1000,98366,102576,106889,6776,6798,6819
chip12,63001,64000,5,1000,95445,99632,104024,6776,6797,6815
chip12,63001,64000,6,1000,96937,101144,105451,6777,6798,6819
chip12,64001,65000,0,1000,102117,107796,116169,6776,6803,6824
chip12,64001,65000,1,1000,118798,124798,126484,6775,6801,6823
chip12,64001,65000,2,1000,97049,101302,105644,6776,6801,6822
chip12,64001,65000,3,1000,98288,101309,106971,6785,6812,6830
chip12,64001,65000,4,1000,99584,102607,106889,6776,6802,6825
chip12,64001,65000,5,1000,96799,101086,108042,6775,6800,6822
chip12,64001,65000,6,1000,96935,101173,105494,6775,6801,6824
chip12,65001,66000,0,1000,102148,107730,113364,6794,6816,6833
chip12,65001,66000,1,1000,118745,124758,126468,6791,6813,6830
chip12,65001,66000,2,1000,96973,99867,103953,6789,6813,6828
chip12,65001,66000,3,1000,98321,102490,106815,6799,6820,6836
chip12,65001,66000,4,1000,98375,102366,105387,6789,6813,6831
chip12,65001,66000,5,1000,96850,102403,109407,6787,6811,6828
chip12,65001,66000,6,1000,95343,98313,103918,6789,6813,6832
chip12,66001,67000,0,1000,100641,104897,110532,6787,6816,6831
chip12,66001,67000,1,1000,117308,124721,126438,6787,6814,6831
chip12,66001,67000,2,1000,98350,102634,106882,6787,6813,6830
chip12,66001,67000,3,1000,98358,102538,106818,6790,6818,6835
chip12,66001,67000,4,1000,99554,103733,108050,6784,6814,6831
chip12,66001,67000,5,1000,98072,102366,110722,6784,6813,6829
chip12,66001,67000,6,1000,96719,99689,105219,6786,6814,6832
chip12,67001,68000,0,1000,100665,104901,111824,6792,6815,6830
chip12,67001,68000,1,1000,110386,118601,124785,6793,6814,6830
chip12,67001,68000,2,1000,101034,105256,109661,6788,6812,6828
chip12,67001,68000,3,1000,98236,102428,106688,6796,6819,6835
chip12,67001,68000,4,1000,100929,106395,110836,6787,6812,6829
chip12,67001,68000,5,1000,99354,102356,109184,6790,6811,6827
chip12,67001,68000,6,1000,98114,102396,106683,6790,6812,6829
chip12,68001,69000,0,1000,101808,104865,110378,6778,6811,6829
chip12,68001,69000,1,1000,109019,117117,124724,6781,6811,6830
chip12,68001,69000,2,1000,99579,103830,108074,6776,6808,6825
chip12,68001,69000,3,1000,100822,103867,109519,6788,6816,6833
chip12,68001,69000,4,1000,100669,103690,107919,6776,6809,6826
chip12,68001,69000,5,1000,99374,105040,112010,6777,6807,6824
chip12,68001,69000,6,1000,100819,105113,112001,6776,6807,6825
chip12,69001,70000,0,1000,101851,106116,111590,6797,6825,6844
chip12,69001,70000,1,1000,108976,115791,122588,6800,6824,6844
chip12,69001,70000,2,1000,99550,103761,108090,6794,6821,6841
chip12,69001,70000,3,1000,103736,107953,113520,6804,6828,6846
chip12,69001,70000,4,1000,103538,107859,114667,6795,6822,6843
chip12,69001,70000,5,1000,99157,103645,111832,6793,6821,6842
chip12,69001,70000,6,1000,97990,100928,105149,6794,6820,6842
chip12,70001,71000,0,1000,101867,107386,112995,6767,6787,6854
chip12,70001,71000,1,1000,107525,113060,119913,6766,6792,6858
chip12,70001,71000,2,1000,103624,109240,116133,6764,6787,6857
chip12,70001,71000,3,1000,103598,109164,116082,6778,6802,6867
chip12,70001,71000,4,1000,103423,107648,113177,6765,6792,6861
chip12,70001,71000,5,1000,99248,103572,114577,6765,6788,6858
chip12,70001,71000,6,1000,99190,102299,107798,6766,6792,6859
chip12,71001,72000,0,1000,105863,111308,118198,6771,6788,6817
chip12,71001,72000,1,1000,106121,111695,118570,6771,6787,6821
chip12,71001,72000,2,1000,104856,109170,114688,6769,6786,6821
chip12,71001,72000,3,1000,104866,109115,116002,6780,6800,6833
chip12,71001,72000,4,1000,104749,108971,115726,6771,6789,6824
chip12,71001,72000,5,1000,100601,106180,117086,6769,6787,6818
chip12,71001,72000,6,1000,100719,106215,110586,6769,6786,6819
chip12,72001,73000,0,1000,105729,109881,115537,6776,6798,6821
chip12,72001,73000,1,1000,107359,113005,122354,6776,6796,6823
chip12,72001,73000,2,1000,103447,107701,114522,6774,6795,6819
chip12,72001,73000,3,1000,103502,107666,111880,6781,6802,6826
chip12,72001,73000,4,1000,103396,108751,115775,6778,6798,6824
chip12,72001,73000,5,1000,101860,107437,114431,6776,6796,6820
chip12,72001,73000,6,1000,103304,107574,114511,6776,6796,6820
chip12,73001,74000,0,1000,105747,110010,116745,6777,6798,6817
chip12,73001,74000,1,1000,107347,112964,119745,6777,6798,6816
chip12,73001,74000,2,1000,104906,111790,121321,6775,6796,6814
chip12,73001,74000,3,1000,103351,107513,111796,6780,6802,6822
chip12,73001,74000,4,1000,105838,110188,117116,6778,6799,6819
chip12,73001,74000,5,1000,104542,110310,118431,6774,6796,6815
chip12,73001,74000,6,1000,103309,107568,114400,6776,6797,6816
chip12,74001,75000,0,1000,105695,109983,116744,6782,6809,6829
chip12,74001,75000,1,1000,108648,115581,124492,6781,6805,6827
chip12,74001,75000,2,1000,102016,107612,114389,6779,6804,6828
chip12,74001,75000,3,1000,106031,110280,115774,6786,6813,6833
chip12,74001,75000,4,1000,104670,108918,114447,6781,6808,6831
chip12,74001,75000,5,1000,104513,110216,120997,6778,6804,6825
chip12,74001,75000,6,1000,104601,108955,115755,6779,6805,6826
chip12,75001,76000,0,1000,104330,109983,116798,6790,6815,6833
chip12,75001,76000,1,1000,108668,115470,124399,6789,6813,6831
chip12,75001,76000,2,1000,106044,114317,122541,6789,6812,6831
chip12,75001,76000,3,1000,105979,110348,120994,6796,6819,6836
chip12,75001,76000,4,1000,103198,108604,114369,6793,6814,6833
chip12,75001,76000,5,1000,101702,105878,111509,6789,6813,6830
chip12,75001,76000,6,1000,104628,110228,118414,6791,6814,6833
chip12,76001,77000,0,1000,104239,108516,115264,6789,6816,6832
chip12,76001,77000,1,1000,108583,119453,126135,6790,6815,6830
chip12,76001,77000,2,1000,110182,119643,126139,6788,6814,6831
chip12,76001,77000,3,1000,111505,119651,126126,6793,6818,6835
chip12,76001,77000,4,1000,108691,115639,124257,6790,6815,6831
chip12,76001,77000,5,1000,103127,108613,114195,6786,6814,6830
chip12,76001,77000,6,1000,107235,115483,124411,6793,6818,6835
chip12,77001,78000,0,1000,105608,110949,116589,6785,6813,6830
chip12,77001,78000,1,1000,111210,118048,124375,6791,6816,6833
chip12,77001,78000,2,1000,115511,124352,126163,6782,6810,6827
chip12,77001,78000,3,1000,109937,115548,124377,6794,6818,6836
chip12,77001,78000,4,1000,108527,113950,119573,6787,6814,6832
chip12,77001,78000,5,1000,104322,108563,116596,6784,6810,6827
chip12,77001,78000,6,1000,105866,112680,120932,6785,6811,6830
chip12,78001,79000,0,1000,106976,113782,124000,6784,6815,6837
chip12,78001,79000,1,1000,109749,115350,124206,6790,6815,6838
chip12,78001,79000,2,1000,112665,122105,126081,6783,6813,6834
chip12,78001,79000,3,1000,105759,110054,118256,6794,6819,6840
chip12,78001,79000,4,1000,110971,116583,124195,6788,6816,6838
chip12,78001,79000,5,1000,104354,108500,113993,6781,6812,6833
chip12,78001,79000,6,1000,109802,115424,124317,6783,6813,6833
chip12,79001,80000,0,1000,109374,116312,124080,6794,6821,6840
chip12,79001,80000,1,1000,111144,117940,124299,6803,6823,6843
chip12,79001,80000,2,1000,105740,111383,124280,6795,6818,6836
chip12,79001,80000,3,1000,105670,109973,116869,6799,6822,6841
chip12,79001,80000,4,1000,109600,115144,121969,6798,6820,6839
chip12,79001,80000,5,1000,104290,108488,113973,6795,6818,6837
chip12,79001,80000,6,1000,106946,111238,119276,6795,6818,6837
chip12,80001,81000,0,1000,106594,112334,123909,6768,6788,6854
chip12,80001,81000,1,1000,113828,119242,124264,6771,6800,6863
chip12,80001,81000,2,1000,112568,120765,126006,6765,6791,6858
chip12,80001,81000,3,1000,108339,113842,120622,6771,6804,6864
chip12,80001,81000,4,1000,109783,115170,121849,6766,6794,6859
chip12,80001,81000,5,1000,105573,109770,115289,6765,6788,6857
chip12,80001,81000,6,1000,105610,111057,116632,6765,6790,6861
chip12,81001,82000,0,1000,114697,121559,125726,6770,6789,6814
chip12,81001,82000,1,1000,113646,119129,124246,6773,6793,6826
chip12,81001,82000,2,1000,113777,124119,126028,6770,6788,6818
chip12,81001,82000,3,1000,108343,113862,120688,6775,6795,6829
chip12,81001,82000,4,1000,110942,117819,124105,6770,6790,6819
chip12,81001,82000,5,1000,105543,109723,115132,6769,6785,6814
chip12,81001,82000,6,1000,106981,113717,120595,6768,6786,6815
chip12,82001,83000,0,1000,117460,123746,125793,6779,6799,6818
chip12,82001,83000,1,1000,108229,113785,121881,6782,6806,6829
chip12,82001,83000,2,1000,113707,121906,125989,6777,6799,6820
chip12,82001,83000,3,1000,106969,112482,121936,6786,6808,6831
chip12,82001,83000,4,1000,112312,118887,124085,6778,6799,6821
chip12,82001,83000,5,1000,105508,109674,115209,6774,6796,6817
chip12,82001,83000,6,1000,108238,112428,119217,6776,6796,6817
chip12,83001,84000,0,1000,117109,123655,125697,6776,6798,6815
chip12,83001,84000,1,1000,110979,116430,124053,6779,6803,6825
chip12,83001,84000,2,1000,109605,116466,124145,6776,6797,6816
chip12,83001,84000,3,1000,108255,112527,120602,6780,6801,6822
chip12,83001,84000,4,1000,114895,123801,125828,6776,6797,6819
chip12,83001,84000,5,1000,106687,110879,116462,6774,6796,6814
chip12,83001,84000,6,1000,106791,110954,116491,6774,6795,6813
chip12,84001,85000,0,1000,115917,123576,125694,6787,6810,6832
chip12,84001,85000,1,1000,116121,123920,125934,6787,6811,6832
chip12,84001,85000,2,1000,110931,117828,124115,6786,6808,6828
chip12,84001,85000,3,1000,110811,117783,124130,6788,6811,6834
chip12,84001,85000,4,1000,112199,118900,123949,6786,6810,6829
chip12,84001,85000,5,1000,105403,109566,115018,6783,6807,6828
chip12,84001,85000,6,1000,109367,114901,121836,6782,6807,6828
chip12,85001,86000,0,1000,114524,121242,125565,6797,6816,6833
chip12,85001,86000,1,1000,117498,123926,125909,6796,6816,6834
chip12,85001,86000,2,1000,120218,123982,125930,6794,6814,6832
chip12,85001,86000,3,1000,109540,116198,123892,6800,6819,6836
chip12,85001,86000,4,1000,116098,123742,125795,6794,6815,6831
chip12,85001,86000,5,1000,106588,110601,114981,6794,6814,6832
chip12,85001,86000,6,1000,109335,114868,121770,6792,6813,6829
chip12,86001,87000,0,1000,117131,123472,125563,6791,6816,6831
chip12,86001,87000,1,1000,118662,123878,125889,6790,6815,6832
chip12,86001,87000,2,1000,120201,123929,125890,6787,6814,6829
chip12,86001,87000,3,1000,109533,114970,121783,6793,6816,6834
chip12,86001,87000,4,1000,114720,121367,125681,6792,6815,6830
chip12,86001,87000,5,1000,103939,108074,113493,6790,6813,6829
chip12,86001,87000,6,1000,107975,113503,123909,6789,6813,6829
chip12,87001,88000,0,1000,115644,123444,125558,6781,6812,6830
chip12,87001,88000,1,1000,118671,123881,127429,6782,6812,6829
chip12,87001,88000,2,1000,117415,123840,125837,6784,6810,6830
chip12,87001,88000,3,1000,112146,117681,123957,6788,6814,6834
chip12,87001,88000,4,1000,116058,123727,125797,6786,6811,6830
chip12,87001,88000,5,1000,105249,109361,114774,6782,6810,6828
chip12,87001,88000,6,1000,107865,110719,116174,6783,6809,6828
chip12,88001,89000,0,1000,115571,123312,125495,6791,6820,6842
chip12,88001,89000,1,1000,119978,125662,127405,6793,6819,6841
chip12,88001,89000,2,1000,114733,123753,125768,6792,6818,6839
chip12,88001,89000,3,1000,110719,116206,123797,6796,6821,6842
chip12,88001,89000,4,1000,121127,123701,125736,6792,6820,6840
chip12,88001,89000,5,1000,106552,110762,118723,6788,6818,6839
chip12,88001,89000,6,1000,107853,113279,118813,6790,6820,6842
chip12,89001,90000,0,1000,114255,121112,125454,6805,6826,6845
chip12,89001,90000,1,1000,123497,125629,127357,6806,6825,6846
chip12,89001,90000,2,1000,115941,123732,125757,6803,6823,6844
chip12,89001,90000,3,1000,110679,117535,125639,6810,6829,6848
chip12,89001,90000,4,1000,113235,118598,123708,6805,6825,6846
chip12,89001,90000,5,1000,107840,112009,117519,6801,6823,6843
chip12,89001,90000,6,1000,107809,111955,118742,6802,6825,6845
chip12,90001,91000,0,1000,114274,123224,125411,6766,6788,6853
chip12,90001,91000,1,1000,123474,125600,127379,6765,6793,6858
chip12,90001,91000,2,1000,117245,123688,125714,6765,6789,6857
chip12,90001,91000,3,1000,110610,114727,121447,6771,6802,6865
chip12,90001,91000,4,1000,114431,119967,123710,6774,6805,6866
chip12,90001,91000,5,1000,107736,111918,118759,6764,6788,6857
chip12,90001,91000,6,1000,109017,113222,120090,6766,6792,6858
chip12,91001,92000,0,1000,120792,125281,127119,6772,6793,6819
chip12,91001,92000,1,1000,123429,125574,127390,6772,6792,6827
chip12,91001,92000,2,1000,113226,119997,123799,6769,6788,6814
chip12,91001,92000,3,1000,114483,119985,123812,6782,6802,6831
chip12,91001,92000,4,1000,118441,123483,125575,6777,6796,6834
chip12,91001,92000,5,1000,107746,113216,123552,6769,6787,6823
chip12,91001,92000,6,1000,109145,114579,123583,6770,6789,6823
chip12,92001,93000,0,1000,115240,123099,125318,6776,6802,6820
chip12,92001,93000,1,1000,123376,125529,127336,6776,6801,6821
chip12,92001,93000,2,1000,119718,125519,127314,6775,6799,6819
chip12,92001,93000,3,1000,114591,121396,125609,6783,6806,6826
chip12,92001,93000,4,1000,116976,123405,125525,6787,6810,6829
chip12,92001,93000,5,1000,109015,113180,118689,6776,6798,6817
chip12,92001,93000,6,1000,113032,118509,123710,6778,6800,6823
chip12,93001,94000,0,1000,115406,123119,125341,6773,6803,6823
chip12,93001,94000,1,1000,123304,125460,127274,6773,6799,6819
chip12,93001,94000,2,1000,115747,123474,125579,6773,6797,6817
chip12,93001,94000,3,1000,114427,121051,125534,6781,6804,6826
chip12,93001,94000,4,1000,115654,123244,125445,6786,6809,6831
chip12,93001,94000,5,1000,110407,115883,123559,6774,6796,6817
chip12,93001,94000,6,1000,113024,119740,125496,6776,6798,6823
chip12,94001,95000,0,1000,115223,123006,125250,6790,6816,6833
chip12,94001,95000,1,1000,123259,125482,128776,6787,6812,6830
chip12,94001,95000,2,1000,115743,123448,125540,6787,6812,6830
chip12,94001,95000,3,1000,117008,123408,125536,6792,6814,6830
chip12,94001,95000,4,1000,121017,125255,127120,6799,6819,6837
chip12,94001,95000,5,1000,111455,116985,123487,6788,6811,6827
chip12,94001,95000,6,1000,111603,117025,123503,6788,6813,6831
chip12,95001,96000,0,1000,113686,120714,125176,6795,6820,6838
chip12,95001,96000,1,1000,123145,125421,128764,6793,6817,6834
chip12,95001,96000,2,1000,116921,123388,125489,6795,6816,6834
chip12,95001,96000,3,1000,115633,121108,125469,6799,6818,6836
chip12,95001,96000,4,1000,123039,125217,127050,6805,6824,6842
chip12,95001,96000,5,1000,114191,119616,125319,6796,6817,6833
chip12,95001,96000,6,1000,114195,119663,125411,6796,6820,6839
chip12,96001,97000,0,1000,116553,122908,125237,6794,6819,6836
chip12,96001,97000,1,1000,125222,127111,128790,6795,6817,6833
chip12,96001,97000,2,1000,116991,123393,125520,6792,6815,6832
chip12,96001,97000,3,1000,118296,123366,125499,6794,6816,6834
chip12,96001,97000,4,1000,123042,125245,127097,6796,6819,6838
chip12,96001,97000,5,1000,114077,119534,123522,6790,6815,6830
chip12,96001,97000,6,1000,112840,118240,123443,6792,6820,6839
chip12,97001,98000,0,1000,116474,123009,125255,6782,6814,6833
chip12,97001,98000,1,1000,125292,128704,131502,6780,6812,6831
chip12,97001,98000,2,1000,116876,123320,125495,6778,6810,6828
chip12,97001,98000,3,1000,119502,123373,125528,6781,6811,6829
chip12,97001,98000,4,1000,123018,125226,127100,6781,6812,6831
chip12,97001,98000,5,1000,114122,123252,125391,6776,6809,6827
chip12,97001,98000,6,1000,114180,120794,125418,6779,6814,6835
chip12,98001,99000,0,1000,117816,122923,125202,6799,6822,6842
chip12,98001,99000,1,1000,125151,127110,130142,6795,6818,6838
chip12,98001,99000,2,1000,119506,123354,125500,6797,6819,6839
chip12,98001,99000,3,1000,119556,123354,125492,6797,6820,6839
chip12,98001,99000,4,1000,120647,123175,125345,6799,6821,6839
chip12,98001,99000,5,1000,111538,118198,125241,6793,6818,6836
chip12,98001,99000,6,1000,114104,119497,125309,6796,6825,6846
chip12,99001,100000,0,1000,116440,122854,125128,6804,6826,6847
chip12,99001,100000,1,1000,125036,126950,128689,6800,6823,6841
chip12,99001,100000,2,1000,119611,123280,125432,6799,6821,6839
chip12,99001,100000,3,1000,120843,125263,127117,6802,6823,6841
chip12,99001,100000,4,1000,120588,123137,125302,6804,6825,6844
chip12,99001,100000,5,1000,116752,123166,126997,6802,6823,6840
chip12,99001,100000,6,1000,115333,119434,123342,6802,6826,6843
