hour_kst,n,mean_c,sd_c,min_c,p5_c,p95_c,max_c,in_63_67_pct,run_pct,setpoint_c,wear_pct,measure_pct
10-01 19:00,976,64.5,1.73,55.59,60.19,65.25,67.49,91.2,98.5,65/70,6.5,41.2
10-01 20:00,3598,64.08,1.65,58.31,59.44,65.17,65.32,85.5,100.0,65,76.8,21.9
10-01 21:00,3600,64.64,1.05,58.5,62.78,65.1,65.94,94.6,100.0,65,88.3,11.1
10-01 22:00,3599,64.62,1.17,58.43,62.05,65.16,65.34,93.2,100.0,65,88.3,11.1
10-01 23:00,3598,64.95,1.34,58.41,61.66,65.73,65.94,92.7,100.0,65/68,100.0,0.0
10-02 00:00,3599,65.25,0.38,64.62,64.84,65.99,66.23,100.0,100.0,68,88.2,11.1
10-02 01:00,3599,64.71,0.34,63.7,63.96,65.16,65.59,100.0,100.0,68,88.3,11.0
10-02 02:00,3599,64.8,0.09,64.56,64.67,64.94,65.17,100.0,100.0,68,100.0,0.0
10-02 03:00,3599,65.55,0.66,64.46,64.57,66.46,66.55,100.0,100.0,68,87.0,11.0
10-02 04:00,3599,66.29,0.13,66.01,66.1,66.56,66.59,100.0,100.0,68,100.0,0.0
10-02 05:00,3599,65.71,0.23,65.21,65.33,66.17,66.23,100.0,100.0,68,88.2,11.1
10-02 06:00,3600,65.21,0.29,64.36,64.43,65.43,65.5,100.0,100.0,68,88.2,11.1
10-02 07:00,3599,65.19,0.12,65.01,65.05,65.41,65.43,100.0,100.0,68,100.0,0.0
10-02 08:00,3599,64.94,0.42,63.52,63.84,65.28,65.32,100.0,100.0,68,88.2,11.1
10-02 09:00,3599,65.33,0.14,65.12,65.17,65.59,65.68,100.0,100.0,68,100.0,0.0
10-02 10:00,3599,65.69,0.41,64.94,65.02,66.41,66.52,100.0,100.0,68,88.3,11.1
10-02 11:00,3557,65.24,2.99,44.91,59.4,66.57,66.66,89.1,98.4,66/67/68,100.0,0.0
10-02 12:00,2390,65.35,2.86,46.98,60.75,66.67,66.71,92.3,98.2,66/67,64.6,16.2
