kind,label,cycle_from,cycle_to,start_utc,end_utc,minutes,n,mean_c,sd_c,min_c,p5_c,p95_c,max_c,in_63_67_pct,run_pct,setpoint_c
wear,0→100,0,100,2026-10-01T10:51:17Z,2026-10-01T10:51:57Z,0.7,39,65.12,0.06,64.99,65.0,65.19,65.19,100.0,100.0,65
wear,"100→1,000",100,1000,2026-10-01T10:59:37Z,2026-10-01T11:05:37Z,6.0,360,65.05,0.06,64.94,64.96,65.16,65.19,100.0,100.0,65
wear,"1,000→3,000",1000,3000,2026-10-01T11:12:32Z,2026-10-01T11:26:23Z,13.8,829,63.37,2.35,58.31,58.55,65.24,65.32,68.6,100.0,65
wear,"3,000→10,000",3000,10000,2026-10-01T11:33:22Z,2026-10-01T12:24:05Z,50.7,3041,64.1,1.54,58.37,59.73,65.07,65.94,86.5,100.0,65
wear,"10,000→20,000",10000,20000,2026-10-01T12:31:06Z,2026-10-01T13:47:54Z,76.8,4607,64.89,0.72,58.43,64.84,65.16,65.34,97.8,100.0,65
wear,"20,000→30,000",20000,30000,2026-10-01T13:54:57Z,2026-10-01T15:16:44Z,81.8,4906,64.98,1.39,58.41,61.53,65.88,66.23,92.4,100.0,65/68
wear,"30,000→40,000",30000,40000,2026-10-01T15:23:48Z,2026-10-01T16:49:55Z,86.1,5166,64.9,0.22,64.44,64.57,65.29,65.81,100.0,100.0,68
wear,"40,000→50,000",40000,50000,2026-10-01T16:56:56Z,2026-10-01T18:26:00Z,89.1,5343,64.89,0.2,64.05,64.66,65.25,65.38,100.0,100.0,68
wear,"50,000→60,000",50000,60000,2026-10-01T18:33:47Z,2026-10-01T20:06:00Z,92.2,5531,66.26,0.25,64.61,66.04,66.56,66.59,100.0,100.0,68
wear,"60,000→70,000",60000,70000,2026-10-01T20:13:04Z,2026-10-01T21:50:07Z,97.0,5822,65.5,0.21,65.16,65.23,65.91,65.95,100.0,100.0,68
wear,"70,000→80,000",70000,80000,2026-10-01T21:57:10Z,2026-10-01T23:39:07Z,102.0,6115,65.16,0.14,64.28,64.96,65.39,65.43,100.0,100.0,68
wear,"80,000→90,000",80000,90000,2026-10-01T23:46:11Z,2026-10-02T01:30:37Z,104.4,6265,65.33,0.26,64.24,64.85,65.72,66.07,100.0,100.0,68
wear,"90,000→100,000",90000,100000,2026-10-02T01:37:39Z,2026-10-02T03:25:48Z,108.2,6441,65.73,2.3,44.91,61.92,66.66,66.71,94.0,99.1,66/67/68
checkpoint_prep,체크포인트 100,100,100,2026-10-01T10:51:59Z,2026-10-01T10:52:24Z,0.4,25,65.03,0.05,64.95,64.96,65.12,65.14,100.0,100.0,65
checkpoint_sweep,체크포인트 100,100,100,2026-10-01T10:52:24Z,2026-10-01T10:58:41Z,6.3,377,64.99,0.09,64.58,64.77,65.07,65.09,100.0,100.0,65
checkpoint_prep,"체크포인트 1,000",1000,1000,2026-10-01T11:05:38Z,2026-10-01T11:05:58Z,0.3,19,64.83,0.06,64.77,64.78,64.93,64.96,100.0,100.0,65
checkpoint_sweep,"체크포인트 1,000",1000,1000,2026-10-01T11:05:58Z,2026-10-01T11:12:11Z,6.2,373,64.86,0.08,64.62,64.67,64.98,65.02,100.0,100.0,65
checkpoint_prep,"체크포인트 3,000",3000,3000,2026-10-01T11:26:26Z,2026-10-01T11:26:48Z,0.4,23,61.39,0.46,60.65,60.71,62.05,62.11,0.0,100.0,65
checkpoint_sweep,"체크포인트 3,000",3000,3000,2026-10-01T11:26:48Z,2026-10-01T11:33:02Z,6.2,374,63.96,0.43,62.16,62.92,64.31,64.4,94.1,100.0,65
checkpoint_prep,"체크포인트 10,000",10000,10000,2026-10-01T12:24:08Z,2026-10-01T12:24:32Z,0.4,25,64.83,0.08,64.74,64.75,64.97,64.98,100.0,100.0,65
checkpoint_sweep,"체크포인트 10,000",10000,10000,2026-10-01T12:24:32Z,2026-10-01T12:30:46Z,6.2,373,64.94,0.09,64.73,64.79,65.15,65.16,100.0,100.0,65
checkpoint_prep,"체크포인트 20,000",20000,20000,2026-10-01T13:47:57Z,2026-10-01T13:48:21Z,0.4,24,64.84,0.04,64.8,64.81,64.93,64.94,100.0,100.0,65
checkpoint_sweep,"체크포인트 20,000",20000,20000,2026-10-01T13:48:21Z,2026-10-01T13:54:36Z,6.2,374,64.35,0.84,60.99,62.17,64.8,64.84,90.6,100.0,65
checkpoint_prep,"체크포인트 30,000",30000,30000,2026-10-01T15:16:47Z,2026-10-01T15:17:11Z,0.4,24,66.08,0.02,66.05,66.05,66.12,66.13,100.0,100.0,68
checkpoint_sweep,"체크포인트 30,000",30000,30000,2026-10-01T15:17:11Z,2026-10-01T15:23:28Z,6.3,377,65.42,0.32,65.04,65.09,66.05,66.09,100.0,100.0,68
checkpoint_prep,"체크포인트 40,000",40000,40000,2026-10-01T16:49:58Z,2026-10-01T16:50:22Z,0.4,23,64.34,0.08,64.2,64.23,64.46,64.46,100.0,100.0,68
checkpoint_sweep,"체크포인트 40,000",40000,40000,2026-10-01T16:50:22Z,2026-10-01T16:56:35Z,6.2,373,63.95,0.13,63.7,63.73,64.18,64.19,100.0,100.0,68
checkpoint_prep,"체크포인트 50,000",50000,50000,2026-10-01T18:26:03Z,2026-10-01T18:26:27Z,0.4,24,65.02,0.06,64.95,64.96,65.13,65.15,100.0,100.0,68
checkpoint_sweep,"체크포인트 50,000",50000,50000,2026-10-01T18:26:27Z,2026-10-01T18:32:40Z,6.2,373,64.65,0.12,64.46,64.49,64.89,64.94,100.0,100.0,68
checkpoint_prep,"체크포인트 60,000",60000,60000,2026-10-01T20:06:03Z,2026-10-01T20:06:29Z,0.4,26,65.98,0.08,65.88,65.89,66.11,66.13,100.0,100.0,68
checkpoint_sweep,"체크포인트 60,000",60000,60000,2026-10-01T20:06:29Z,2026-10-01T20:12:43Z,6.2,374,65.39,0.16,65.21,65.22,65.76,65.88,100.0,100.0,68
checkpoint_prep,"체크포인트 70,000",70000,70000,2026-10-01T21:50:09Z,2026-10-01T21:50:33Z,0.4,24,65.04,0.08,64.94,64.95,65.18,65.19,100.0,100.0,68
checkpoint_sweep,"체크포인트 70,000",70000,70000,2026-10-01T21:50:33Z,2026-10-01T21:56:50Z,6.3,377,64.49,0.14,64.36,64.37,64.84,64.94,100.0,100.0,68
checkpoint_prep,"체크포인트 80,000",80000,80000,2026-10-01T23:39:10Z,2026-10-01T23:39:36Z,0.4,26,64.62,0.08,64.52,64.53,64.77,64.79,100.0,100.0,68
checkpoint_sweep,"체크포인트 80,000",80000,80000,2026-10-01T23:39:36Z,2026-10-01T23:45:51Z,6.2,375,63.88,0.25,63.52,63.52,64.35,64.5,100.0,100.0,68
checkpoint_prep,"체크포인트 90,000",90000,90000,2026-10-02T01:30:39Z,2026-10-02T01:31:03Z,0.4,24,65.52,0.05,65.46,65.46,65.63,65.65,100.0,100.0,68
checkpoint_sweep,"체크포인트 90,000",90000,90000,2026-10-02T01:31:03Z,2026-10-02T01:37:17Z,6.2,374,65.08,0.12,64.95,64.98,65.4,65.45,100.0,100.0,68
checkpoint_prep,"체크포인트 100,000",100000,100000,2026-10-02T03:25:51Z,2026-10-02T03:26:15Z,0.4,10,62.81,1.84,60.1,60.36,65.27,65.51,50.0,0.0,
checkpoint_sweep,"체크포인트 100,000",100000,100000,2026-10-02T03:26:15Z,2026-10-02T03:32:33Z,6.3,378,60.87,5.06,46.98,48.71,64.94,64.98,52.6,91.5,66
overall,마모 구간 전체 (시간 가중),,,,,907.8,54465,65.22,1.18,44.91,64.37,66.47,66.71,97.2,99.9,65/66/67/68
overall,체크포인트 측정 전체,,,,,86.2,5169,64.39,1.8,46.98,62.95,65.48,66.13,94.9,99.2,65/66/68
overall,로그 전체,,,,,1015.1,60908,65.14,1.28,44.91,63.95,66.45,67.49,96.9,99.8,65/66/67/68/70
overall,마모 구간 전체 (사이클 가중),0,100000,,,,,65.17,,,,,,,,
